{"Year":{"0":1959,"1":1960,"2":1961,"3":1962,"4":1963,"5":1964,"6":1965,"7":1966,"8":1967,"9":1968,"10":1969,"11":1970,"12":1971,"13":1972,"14":1973,"15":1974,"16":1975,"17":1976,"18":1977,"19":1978,"20":1979,"21":1980,"22":1981,"23":1982,"24":1983,"25":1984,"26":1985,"27":1986,"28":1987,"29":1988,"30":1989,"31":1990,"32":1991,"33":1992,"34":1993,"35":1994,"36":1995,"37":1996,"38":1997,"39":1998,"40":1999,"41":2000,"42":2001,"43":2002,"44":2003,"45":2004,"46":2005,"47":2006,"48":2007,"49":2008,"50":2009,"51":2010,"52":2011,"53":2012,"54":2013,"55":2014,"56":2015,"57":2016,"58":2017,"59":2018,"60":2019,"61":2020,"62":2021},"fossil_emissions":{"0":2.417090931,"1":2.5621366838,"2":2.5705403436,"3":2.6613152673,"4":2.8033992389,"5":2.955680145,"6":3.0888635632,"7":3.2387920233,"8":3.3417109677,"9":3.5237150468,"10":3.7574778562,"11":4.0662432864,"12":4.2318492934,"13":4.4292383186,"14":4.6632621315,"15":4.6445076845,"16":4.6546473268,"17":4.9104494049,"18":5.0499031763,"19":5.2066573191,"20":5.3543837124,"21":5.3223971994,"22":5.195447082,"23":5.1540630496,"24":5.1873743515,"25":5.3670179608,"26":5.5473490162,"27":5.6297375795,"28":5.8061965567,"29":6.0337868401,"30":6.1163759625,"31":6.2111027567,"32":6.3441063721,"33":6.1626701423,"34":6.2262281172,"35":6.2689678921,"36":6.4024871899,"37":6.5937178689,"38":6.6328010447,"39":6.6084226292,"40":6.7501059959,"41":6.9469492736,"42":7.0054717046,"43":7.1727722347,"44":7.546833093,"45":7.8156918768,"46":8.082587952,"47":8.3496497783,"48":8.5990145197,"49":8.7570513979,"50":8.6146371977,"51":9.1059897641,"52":9.4123940006,"53":9.5541123311,"54":9.6395200939,"55":9.7100258662,"56":9.7048487268,"57":9.6954675798,"58":9.8517301517,"59":10.0509024564,"60":10.1207857449,"61":9.6244775474,"62":10.1320552271},"land-use_change":{"0":1.9389333333,"1":1.7926,"2":1.6665,"3":1.6082666667,"4":1.5427333333,"5":1.4944666667,"6":1.3828333333,"7":1.3230666667,"8":1.3441333333,"9":1.3584666667,"10":1.2734666667,"11":1.2551,"12":1.2516,"13":1.2528666667,"14":1.2138666667,"15":1.1793,"16":1.1927,"17":1.1749,"18":1.2028333333,"19":1.1526666667,"20":1.1079333333,"21":1.1148,"22":1.1986333333,"23":1.2033,"24":1.3113666667,"25":1.4481666667,"26":1.3865666667,"27":1.3964666667,"28":1.3954333333,"29":1.3806,"30":1.3288333333,"31":1.3311333333,"32":1.2983666667,"33":1.3348,"34":1.3309,"35":1.4453666667,"36":1.4433,"37":1.4424333333,"38":1.9391,"39":1.4974666667,"40":1.4981,"41":1.3962666667,"42":1.2934,"43":1.413,"44":1.5428,"45":1.4635,"46":1.2873,"47":1.3846333333,"48":1.2109666667,"49":1.2672,"50":1.3738333333,"51":1.3203333333,"52":1.3548333333,"53":1.3174,"54":1.2631333333,"55":1.3421666667,"56":1.4699,"57":1.2357666667,"58":1.1823,"59":1.1412,"60":1.2438,"61":1.1074666667,"62":1.0750666667},"atmospheric_growth":{"0":2.03904,"1":1.50804,"2":1.65672,"3":1.18944,"4":1.21068,"5":1.04076,"6":2.3364,"7":2.3364,"8":1.29564,"9":2.10276,"10":2.80368,"11":2.40012,"12":1.55052,"13":3.12228,"14":3.10104,"15":1.44432,"16":2.61252,"17":2.06028,"18":4.07808,"19":2.73996,"20":4.54536,"21":3.63204,"22":2.4426,"23":2.10276,"24":3.88692,"25":2.61252,"26":3.5046,"27":2.16648,"28":5.6286,"29":4.60908,"30":3.10104,"31":2.59128,"32":1.593,"33":1.52928,"34":2.61252,"35":3.52584,"36":4.248,"37":2.2302,"38":4.18428,"39":6.03216,"40":2.82492,"41":2.655,"42":3.9294,"43":5.03388,"44":4.86396,"45":3.2922,"46":5.24628,"47":3.75948,"48":4.50288,"49":3.78072,"50":3.35592,"51":5.14008,"52":3.56832,"53":5.11884,"54":5.2038,"55":4.33296,"56":6.2658,"57":6.03216,"58":4.54536,"59":5.03388,"60":5.43744,"61":4.9914,"62":5.22504},"ocean_sink":{"0":0.9750052187,"1":0.9590131633,"2":0.8053211078,"3":0.8952290523,"4":1.0598369968,"5":1.2132449413,"6":1.3206528858,"7":1.2760608303,"8":1.1270687748,"9":1.1825767193,"10":1.2746846638,"11":1.1254926083,"12":1.2136005529,"13":1.4814084974,"14":1.3514164419,"15":1.3105243864,"16":1.2587323309,"17":1.4237402754,"18":1.5037482199,"19":1.5406561644,"20":1.4875641089,"21":1.7364720534,"22":1.7230799979,"23":1.8886879424,"24":2.008095887,"25":1.8683038315,"26":1.775311776,"27":1.8260197205,"28":1.917227665,"29":1.7933356095,"30":1.819043554,"31":2.014666959,"32":2.1240424178,"33":2.2674159335,"34":2.220344293,"35":2.0126526226,"36":1.9980700054,"37":2.0057179848,"38":2.1557102644,"39":2.2002691033,"40":1.9659139818,"41":1.9113751505,"42":1.8187636035,"43":2.1733210631,"44":2.3143442248,"45":2.2748340853,"46":2.3287929886,"47":2.4253674087,"48":2.3647189721,"49":2.3815923498,"50":2.5357949776,"51":2.5109478816,"52":2.5547183661,"53":2.6227789429,"54":2.6475083089,"55":2.7828888139,"56":2.8466434324,"57":2.9816134056,"58":2.8548277353,"59":2.947231478,"60":2.9947562084,"61":2.9981151654,"62":2.8795115321},"land_sink":{"0":0.4018052287,"1":1.2341314266,"2":0.8398190142,"3":1.322231191,"4":0.8719168553,"5":1.6862258438,"6":0.340225187,"7":1.3952636944,"8":1.6758439121,"9":2.4037393839,"10":0.7125206808,"11":0.7129131202,"12":2.4496799069,"13":1.252495427,"14":1.8906081342,"15":4.1864236303,"16":2.6450301581,"17":2.9889225762,"18":1.5082590417,"19":2.780701631,"20":1.4202018979,"21":0.4115817205,"22":2.2199624123,"23":1.6698958974,"24":0.281260988,"25":2.8865839753,"26":2.7657196453,"27":2.3068836325,"28":0.3527418915,"29":2.0604660639,"30":3.5696283874,"31":2.3322912728,"32":2.2536012207,"33":2.2555703163,"34":2.8606707967,"35":1.4663226086,"36":1.7721550731,"37":3.3983223225,"38":3.1850821131,"39":1.5056622673,"40":3.5941131894,"41":3.7467989333,"42":2.3844974167,"43":0.9854908919,"44":2.312348724,"45":3.4659574106,"46":1.8784450248,"47":3.1142905714,"48":2.7090564936,"49":3.6297891018,"50":2.9857331148,"51":3.3214735311,"52":4.1090735273,"53":2.3154676739,"54":3.5584727887,"55":3.6634189628,"56":2.0086696711,"57":2.693548721,"58":3.5550035768,"59":3.6474346137,"60":3.041949161,"61":3.1051366207,"62":3.4503468564},"cement_carbonation":{"0":0.0126842558,"1":0.0138353262,"2":0.014722842,"3":0.0158719057,"4":0.0168674842,"5":0.0184507085,"6":0.0194905341,"7":0.0209172712,"8":0.0219599451,"9":0.0235335101,"10":0.0249795051,"11":0.0265027621,"12":0.0280066001,"13":0.0304955852,"14":0.0326200279,"15":0.0334041183,"16":0.034116485,"17":0.0360815371,"18":0.0384790227,"19":0.0411207453,"20":0.0426042312,"21":0.0438687857,"22":0.0447618657,"23":0.0456202694,"24":0.0471381005,"25":0.0485852244,"26":0.0499759663,"27":0.0523493877,"28":0.0548036451,"29":0.0580889659,"30":0.058050544,"31":0.0574992473,"32":0.0610078533,"33":0.0618987727,"34":0.0661188681,"35":0.0697846207,"36":0.0735544517,"37":0.0764517568,"38":0.0794138167,"39":0.080380303,"40":0.0833406725,"41":0.086650436,"42":0.0894187521,"43":0.0941013671,"44":0.1010621737,"45":0.1080925991,"46":0.1154754892,"47":0.1256464716,"48":0.1353599456,"49":0.1400506948,"50":0.147301267,"51":0.1565273231,"52":0.1694664836,"53":0.1763646637,"54":0.1848676626,"55":0.1931154997,"56":0.1951900521,"57":0.1980434013,"58":0.2029268533,"59":0.2097017781,"60":0.2140016968,"61":0.2205625553,"62":0.2297949559},"budget_imbalance":{"0":0.9274895611,"1":0.6397167677,"2":0.9204573796,"3":0.846809785,"4":1.186831236,"5":0.4914653181,"6":0.4549282896,"7":-0.466783106,"8":0.565331669,"9":-0.8304278998,"10":0.2150796732,"11":1.0563147958,"12":0.2416422335,"13":-0.2045745244,"14":-0.4985558058,"15":-1.1508644505,"16":-0.7030516471,"17":-0.4236749837,"18":-0.8758297747,"19":-0.7431145549,"20":-1.0334131923,"21":0.6132346398,"22":-0.0363238606,"23":0.6503989404,"24":0.2753260426,"25":-0.6008084037,"26":-1.1616917047,"27":0.6744715055,"28":-0.7517433115,"29":-1.1065837992,"30":-1.1025531896,"31":0.5464986109,"32":1.6108215469,"33":1.3833051197,"34":-0.2025258406,"35":0.6397347069,"36":-0.2459923403,"37":0.3254591382,"38":-1.0325851495,"39":-1.7125823778,"40":-0.2200818478,"41":-0.0566085794,"42":0.0767919323,"43":0.2989789127,"44":-0.5020820295,"45":0.1381077818,"46":-0.1991055507,"47":0.3094986599,"48":0.0979657751,"49":0.0920992514,"50":0.9637211717,"51":-0.7027056383,"52":0.365648957,"53":0.6380610505,"54":-0.6919953329,